<?xml version="1.0" encoding="UTF-8"?>
<project-private xmlns="http://www.netbeans.org/ns/project-private/1">
    <editor-bookmarks xmlns="http://www.netbeans.org/ns/editor-bookmarks/2" lastBookmarkId="0"/>
    <open-files xmlns="http://www.netbeans.org/ns/projectui-open-files/2">
        <group>
            <file>file:/C:/xampp/htdocs/familias/mod_1/1-03_act/1-03_act_01.php</file>
            <file>file:/C:/xampp/htdocs/familias/header.php</file>
            <file>file:/C:/xampp/htdocs/familias/db/user/login_user.php</file>
            <file>file:/C:/xampp/htdocs/familias/index.php</file>
            <file>file:/C:/xampp/htdocs/familias/mod_1/1-01_vid.php</file>
            <file>file:/C:/xampp/htdocs/familias/0-05_registro_01.php</file>
            <file>file:/C:/xampp/htdocs/familias/css/style.css</file>
            <file>file:/C:/xampp/htdocs/familias/0-05_registro_05.php</file>
            <file>file:/C:/xampp/htdocs/familias/mod_1/1-03_act.php</file>
            <file>file:/C:/xampp/htdocs/familias/db/user/insert_user.php</file>
            <file>file:/C:/xampp/htdocs/familias/db/user/update_module.php</file>
            <file>file:/C:/xampp/htdocs/familias/db/evaluation/update_evaluation.php</file>
            <file>file:/C:/xampp/htdocs/familias/0-05_registro_02.php</file>
            <file>file:/C:/xampp/htdocs/familias/0-04_intro.php</file>
            <file>file:/C:/xampp/htdocs/familias/0-05_registro_04.php</file>
            <file>file:/C:/xampp/htdocs/familias/css/bootstrap.css</file>
            <file>file:/C:/xampp/htdocs/familias/mod_1/1-09_eva.php</file>
            <file>file:/C:/xampp/htdocs/familias/mod_1/1-07_act.php</file>
            <file>file:/C:/xampp/htdocs/familias/0-02_login.php</file>
            <file>file:/C:/xampp/htdocs/familias/css/index.css</file>
            <file>file:/C:/xampp/htdocs/familias/mod_1/1-06_vid.php</file>
            <file>file:/C:/xampp/htdocs/familias/db/user/logout_user.php</file>
            <file>file:/C:/xampp/htdocs/familias/db/connection/conexion.php</file>
            <file>file:/C:/xampp/htdocs/familias/db/user/update_user.php</file>
            <file>file:/C:/xampp/htdocs/familias/mod_1/1-05_sld.php</file>
            <file>file:/C:/xampp/htdocs/familias/0-05_registro_03.php</file>
        </group>
    </open-files>
</project-private>
